text,label,topic
"We had a wonderful dining experience at Parker’s. The food was absolutely delicious, and every dish exceeded our expectations. What truly made our visit special was the exceptional service. A special thank you to Liberty, who was incredibly kind, attentive, and professional throughout our meal. We also want to recognize the supervisor in charge for leading such an outstanding team. The entire staff was welcoming, friendly, and always smiling. They paid attention to every detail—clearing away finished plates immediately, serving the food beautifully onto our plates, pouring our drinks, and even bringing me a cushion as soon as I requested one. Their level of care and hospitality made us feel genuinely valued. Everyone worked together seamlessly with great professionalism and dedication. This team truly deserves recognition and a reward for their outstanding service. Thank you for making our visit so memorable. We will definitely be back!",positive,Service
"A lovely place to relax after shopping! 🛍️✨ My mum and I stopped by for dessert and drinks, and we had such a wonderful experience. The service was warm and welcoming, and we’d especially like to thank Julius and Hakeem for their kindness and excellent hospitality. They made our shopping break even more enjoyable. Highly recommended! 💛",positive,Service
"The ingredients at Parker’s seem decent, but the whole experience feels seriously overpriced for what you actually get. • Kale salad: Barely anything but kale. Very plain, feels more like a garnish than a proper salad, especially at their price point. • Truffle pasta: Genuinely delicious – rich, flavorful, and the highlight of the meal. We asked for extra chicken, but they added so little it felt more symbolic than actual “extra.” • Dessert (“pull me” cake): More of a social-media show than a good dessert. Overly sweet and not as tasty as the dramatic presentation suggests – it’s mainly for recording a video, not for enjoying every bite. • Coffee: Not great in terms of taste/beans, but it is at least prepared well. Technically fine, just not memorable. • Service & ambience: Service is okay – functional but not warm or special. The plates and cutlery are fancy and look premium, but we didn’t come here to eat those. That polish doesn’t fully compensate for the underwhelming food value. Overall, Parker’s looks upscale and tries to impress with presentation and “Instagram moments,” but when you factor in price versus what’s on the plate, it feels overvalued.",negative,Price
"We had an incredible breakfast at Parker’s this morning! The atmosphere was bright and welcoming, making it the perfect spot to start the day. The food was the absolute highlight—the French Omelette was cooked to perfection, and the Pancakes were light, fluffy, and delicious. We also tried the Eggs Benedict, which was beautifully presented and flavored. Everything was paired with refreshing Orange Juice and hot Tea that hit the spot. If you’re looking for a high-quality breakfast with great vibes, this is the place to be. We’ll definitely be back",positive,Food
"We went for the Matilda cske and it fid not disappoint. It was light, chocolatey and the sauce was delicious. We shared 1 piece between 3 of us and it was enough. We will visit again.",positive,Food
"Great experience! The sweet and coffee were absolutely delicious, but what made it even better was the amazing service. Huge thanks to Hakim—he was incredibly helpful, friendly, and had a wonderful attitude. Will definitely come back",positive,Service
"The food was amazing! We ordered the club sandwich, karak, and iced Americano, and everything tasted delicious. What I liked the most was the iced Americano — it wasn’t fruity or sour at all, which I really appreciated. Julius was also very kind and sweet. He served us during our visit and was very attentive. He even noticed whenever my friend’s karak was almost finished and would come to refill it without us having to ask. Such a small detail, but it really showed how hardworking and attentive he is. Overall, we had a lovely experience and would definitely come back! 🤍",positive,Service
We were lucky that we skipped all other restaurants. Food was better than expected. Chicken lemon is top. Thanks to Ms. Liberty and other staff for the amazing service.,positive,Food
"Steak Sando: 7/10 Hotel Burger: 9/10 Lime Hot Pasta: 8/10 Street Fries: 7/10 ** Paul was very friendly and helpful, and his attitude was great and cheerful.",positive,Food
Nice food but I'd say a bit overpriced. Paul was so nice and patient while we go though the whole menu trying to figure out what to have 🤓 the chicken strips in the appetizers was nice and the beetroot salad.,negative,Price
"A beautiful restaurant with well-presented dishes. Everything we ordered was genuinely delicious. I was especially impressed by the shrimp pasta—I expected it to have a strong seafood taste, but it turned out surprisingly flavorful and well-balanced. As for the chicken burger, in my opinion, it’s one of the best in the country. Highly recommended.",positive,Food
"I had a wonderful dining experience at Parker’s in City Centre Bahrain. The food was absolutely delicious, with every dish prepared to perfection and full of flavor. The atmosphere was warm and welcoming, making it a great place to enjoy a meal with family and friends. A special thank you to our waiter, Julius, who made our visit even more enjoyable. He was friendly, attentive, professional, and always made sure we had everything we needed with a smile. His excellent service truly stood out and made us feel valued as guests. Highly recommended for anyone looking for great food and outstanding customer service. We’ll definitely be coming back!",positive,Service
"First of all, 5 stars for the service. Our server Hakeem was absolutely phenomenal! He made our time at Parker’s very enjoyable and was attentive to our needs. Food was incredible, very flavourful. The beetroot and quinoa salad was a hit for me! I highly recommend this place:)",positive,Service
"A huge thank you to Nasir at Parker! He was the best waiter, extremely friendly, welcoming, and attentive from start to finish. He made us feel comfortable, was always happy to help, and provided outstanding service. His professionalism and warm personality truly made our visit even more enjoyable. Thank you, Nasir, for being such a great host. We’ll definitely be back!",positive,Service
"We tried Parker's for lunch and the experience was alright. The service could've been better, as our waitress wasn't attentive and we had to wait for her to notice us. As for the food, I would not recommend the Kale Salad because it's tasteless. I do recommend the Loaded Fries and Fried Mac & Cheese. The Steak & Fries and Alfredo Shells Pasta were average. I'm not sure if we didn't order the right dishes or that's the standard at this place.",negative,Service
"Hade a wonderful time at Parker’s restaurant, the food was really delicious and the staff were really lovely, the waiter Mr Marco was really friendly with us! Will come again definitely ❤️",positive,Service
"This was a pleasant find in the City Centre Mall. The sauce that came with the fried mac and cheese was amazing! The truffle pasta was amazing. However, the steak and fries was absolutely disappointing, no one in a million years could call that “steak.” It was too thin, tasted like smashed hamburger, and was overcooked. The desserts are worth it as well. Service was nice, our waitress was very attentive and informative.",negative,Food
"I had a wonderful dining experience at Parker’s Restaurant in City Centre Bahrain. From the moment we arrived, we were warmly welcomed by the manager, who promptly guided us to our table with professionalism and a smile. The restaurant itself is impressively clean and well maintained, creating a comfortable and inviting atmosphere. The food was absolutely delicious, with every dish served fresh and full of flavor. It’s clear that quality is a top priority here. A special shoutout to Hakim, our waiter, whose service was truly exceptional friendly, attentive, and always with a positive attitude. What really stood out was the genuine hospitality of the entire team. Each staff member greeted us with a smile, making the experience even more enjoyable. Thank you to everyone at Parker’s for the great food, warm welcome, and top-notch service. We’ll definitely be back!",positive,Food
it was really good the service and the food. i recommend my server was hakeem and he was really sweet and funny,positive,Service
The food was amazing and the lemon chicken was literally the best meal i ate in like 2 years no joke.,positive,Food
"We came here for dinner, and it was really good. Service was attentive and Hakeem was always smiling and making jokes, it was a fun experience. We got the chicken tenders for a starter as well as the fried shrimp. For food, we got the hot lemon pasta, the chicken risotto, and the truffle pasta. All the food was quite good, but the highlight was the dessert. We got the Matilda cake and it was outstanding. We were very happy and would come back. If you want to share, plates are quite big so feel free to share a plate for 2 people.",positive,Service
"The food was sooo good. Simple and filling. Steka Sando, beef truffle sando, mac and cheese bites, all so delicious. And dare I speak about the famous Matilda cake. So rich, and flavoursome. There’s this crunch inside every bite which takes it up another level. Also MASSIVE SIZE. Enough to share for 5 people id say.",positive,Food
the place was amazing the foid was unreal really delicious and miss liberty the wonderful server was so kind and made our experience even more spectacular . thank you,positive,Service
"One of the best places for a Friday breakfast! The food was delicious, tasty, and the menu offers a great variety of excellent choices. A special thanks to Julius for his outstanding hospitality and excellent service. He made our experience even more enjoyable. Highly recommended!",positive,Service
Yasoda was a very attentive server and made sure everything was perfect! Food and coffee were excellent!,positive,Service
"I had a pleasant experience at Parker's. The service was quick and the staff were well groomed, professional, and had friendly vibes, which made us feel welcomed. As for the food, it was average. We ordered the potato chips burger, toffee shrimp, and mac and cheese with Cheetos. The toffee shrimp stood out as the best dish, but overall, for the price and portion sizes, I found the food to be just okay. There are other restaurants in the same price range offering better value and taste.",negative,Food
"⭐⭐⭐⭐⭐ Came with the family today and had a wonderful experience at Parkers. We'd especially like to commend Marko for his swift, attentive, and anticipatory service. We were in a rush to grab some light bites before our movie, and he made sure everything was served quickly without compromising on the quality of the experience. His professionalism and warm hospitality truly stood out. Thank you, Marko, for making our visit so smooth and enjoyable—we'll definitely be back!",positive,Service
"The breakfast was absolutely delicious, and we really enjoyed our experience. A special thanks to Yasoda, who served us—she was very kind, friendly, and polite. Her warm attitude and excellent service made our visit even better. Thank you, Yasoda!",positive,Service
"Our writers it was Arafat , it was very good person , helpful and always smile , he was understanding me directly .. i would like to deal with Arafat hussain in my next time . 🙏🏼🙏🏼 thank you arfat hussain",positive,Service
"Amazing experience and the food was really delicious absolutely worth it, the Matilda cake is spot on, and also the Liberty the employee is the one of the best thanks to her. All of it is worth it",positive,Food
"I cannot recommend it enough. Delicious meals, nothing was a miss, gorgeous interior that makes you forget about the mall around you. Our waitress, Liberty, was extremely tentative and accommodating to the every last step, but not overbearing & gave us our own space. Perfect balance of service and time to enjoy the meal. Incredible experience for my birthday, 10/10. ♡",positive,Food
"Super friendly service by Lily, she was very sweet and always smiling 😄. The food portions were small for the price, but extremely good taste. We had the truffle sando and the lemon chicken. As long as you are ok with the portions both are highly recommend.",positive,Price
The food was divine ♥️ loved it and our waiter julus was very kind and helpful,positive,Service
"super delicious, amazing service, the white truffle pasta was soo amazing. it made me full instantly! super delicious.",positive,Food
"The food was excellent, and everything we ordered was delicious. A special thanks to Nasir Uddin for his outstanding service and hospitality. He made our dining experience even better with his professionalism and attention. Highly recommended!",positive,Service
"My experience at Parker’s was amazing! The desserts and coffee were excellent, and our host, Nasir Udeean, made the visit even more enjoyable. He was incredibly friendly, welcoming, and attentive throughout our time there. His outstanding service truly enhanced the experience. I highly recommend Parker’s, and I look forward to visiting again!",positive,Service
"Amazing service from Julit. Very professional, friendly, and attentive throughout the whole experience. He made sure everything was perfect, checked on us regularly, and had a great attitude the entire time. Service like this honestly makes a big difference. Thank you, Julit, for the excellent hospitality. Definitely one of the best experiences I’ve had.",positive,Service
"Went with Friends to Parker’s for several times, the overall atmosphere, decoration of the place is nice. We have tried both the dinner & the breakfast and had good experience as the food is delicious and nicely presented, the staff and service were good. Highly Recommended.",positive,Atmosphere
They treat you like a special person no matter what. Amazing delicious food available in the menu . Prices are acceptable.,positive,Price
"I went to Parkers for a late weekday breakfast with a friend, and it was such a lovely experience. The atmosphere was quiet and relaxed, making it a perfect spot to enjoy a slow morning. We ordered the scrambled egg croissant, the granola French toast, and karak. The portions were very generous, and everything tasted amazing. The croissant was crispy and buttery, filled with perfectly cooked eggs, while the French toast was so delicious and indulgent that even if you’re full, you’ll still want to keep eating! The karak was constantly refilled , the staff would top it up for us without even asking, which was such a thoughtful touch. There are different seating areas to choose from. The staff were hardworking and attentive, often noticing what we needed even before we asked. Overall, it was a wonderful experience , delicious food, warm service, and a peaceful setting. Definitely a place worth coming back to for breakfast or brunch!",positive,Atmosphere
"⭐⭐⭐⭐⭐ Had a great experience at Parker’s! The food was delicious, the atmosphere was lovely, and everything was served quickly. A special thank you to Hakeem, who was an excellent server throughout our visit. He was friendly, attentive, and made sure we had everything we needed. His great service really made our experience even better. I would definitely recommend Parker’s and look forward to coming back!",positive,Service
"The food was absolutely delicious, each dish has a unique flavor, Mr. Marco was kind and helpful he made our experience even better, the atmosphere was calm and pleasant we totally recommend you to try it!",positive,Service
"The food was excellent, from the appetizers to the main course. I’ve also tried their desserts before, and they were just as delicious. Marco was a very welcoming and friendly host, which made the experience even better.",positive,Service
24.7.2026 All was good. Food taste good. It is a bit noisy Thanks for the good service Mr. Arafat,positive,Service
"way over rated and over priced. We had Greek salad and it was a regular greek salad dispite the good presentation. it was served to us after 20 minutes of ordering. other dishes came right after. we had Chicken lemon and it was good, but not great. the chicken was s3rved mildly warm, not hot. i thought the yougurt should have been on the side and not over the chicken. we also had grilled shrips and i think it was a delicious dish with quality ingredients. the juice was sweet and balanced. though was mostly filled with ice. the juice and food presentation was brilliant .",negative,Price
"First time in parkers Bahrain and i really like the place especially for breakfast . The vibes, the service and food are so good .",positive,Service
"Excellent Service and Great Experience I stopped by for coffee and a salad, and both were very good. But what really stood out was Hakeem, our waiter . He was more than excellent – always smiling, genuinely happy, and incredibly helpful throughout our visit. His warm hospitality made the experience truly memorable. Highly recommend!",positive,Service
"Great food, great service and lovely atmosphere. Will come back again soon",positive,Service
"The food was great, awesome coffee! Hakeem was truly helpful, attentive, and his bright smile and genuine personality made the experience more worthwhile. Thank you!",positive,Service
"Overhyped, overpriced restaurant. We ordered the chicken tacos, they tasted great but the size is appetizer size. The other dish is the lime hot pasta which was disappointing, it tasted incredibly spicy and sour we couldn't finish it. Plate sizes is small, prices are high , nice atmosphere and decorations",negative,Price
"Had a great experience! The food was super tasty and fresh. Big shout-out to Rudi, Mureen, Hakeem, and Forqan – they were all incredibly friendly, helpful, and professional. The service was smooth and welcoming. Thanks to the whole team and management – definitely coming back again!",positive,Service
Food was great and portion size was good as well. Staff were wonderful and kind as well as always smiling (Akeem and Julius in particular). The restaurant had a nice decor and atmosphere. Only issue I had which was out of the restaurant’s control was that it was a little warm as the air conditioning was just turned on in the mall and took time to cool down. Overall a great experience and would come again.,positive,Service
"Amazing experience overall. Special thanks to Hakeem, Mahmoud, Nasir Uddin, and the Liberty team for the excellent service, fast response, warm hospitality, and welcoming attitude. The staff were professional, friendly, and made the whole experience very comfortable. Highly recommended!",positive,Service
Not like the main restaurant I n Saudi. The food quality and bread is not the same!,negative,Food
"It’s really good option for a breakfast in a mall. Great service and good food, will definitely come back again",positive,Service
Liberty the staff so much kind & helpful with nice smile and personality thank barker’s 🤍 every things was perfect,positive,Service
"Food was good however it was slightly over the price it should’ve been, customer service is good as well but the food takes so long to come. The worst thing that happened to me is that i was handed a dirty glass unfortunately",negative,Cleanliness
We were so lucky to get Liberty as our server! ♥️ shes so sweet and friendly and efficient. Cant go wrong with coming here!,positive,Service
The food was delicious and the stuff were very friendly especially Marco,positive,Service
Food is delicious! Absolutely amazing staff from the Manager to everyone serving their guests. Kudos to Liberty for a five star service!,positive,Service
"The place is excellent, with a very pleasant atmosphere, and the food is absolutely delicious. I highly recommend it. The waiter, Hakeem , who served us was extremely polite, helpful, and always smiling, which made our experience even more enjoyable. He truly deserves appreciation.",positive,Service
5 starts for the excellent food and special thanks to Nasir for his outstanding service.,positive,Service
"I recently celebrated my birthday lunch at Parker’s, and it was absolutely amazing from start to finish! The atmosphere was warm and stylish—perfect for a special occasion. The staff went above and beyond to make the day feel extra special, offering friendly and attentive service the entire time. The food was a highlight on its own! Every dish was beautifully presented and full of flavor. From the starters to the desserts, everything was delicious and served at the perfect pace. My guests and I especially loved the [insert favorite dish here if you have one]—highly recommended! What made it even more memorable was the thoughtful touches—whether it was a surprise dessert, kind birthday wishes from the staff, or the overall celebratory vibe. It felt personal, joyful, and truly unforgettable. Thank you, Parker’s, for making my birthday lunch one to remember. I’ll definitely be coming back—and bringing more friends next time",positive,Atmosphere
Awesome food and service. Service by Mr. Nasir is exceptional. Highly recommended.,positive,Service
Julius and Jayln were very helpful and I felt very comfortable and taken care of. Their service was outstanding and really made the experiencee.,positive,Service
Amazing taste and the waiters were so kind,positive,Service
Julius was very kind and made sure we have an amazing experience. The food was amazing and arrived fast too,positive,Service
"Best breakfast I had ever 🫰✨ there’s guy his name is julius he’s very kind man and he’s will serving you a special treat ♥️, and this is not first time for me in parkers every year I go to Dubai specially to had my launch & dinner in parkers ..",positive,Service
